product_id,name,brand,price_inr,skin_types,concerns_addressed,key_ingredients,full_ingredient_list,flags,source_url
FW-001,Gentle Skin Cleanser,Cetaphil,349,dry;normal;sensitive,dryness;sensitivity,glycerin;niacinamide;panthenol,Water;Glycerin;Cetearyl Alcohol;Sodium Cocoyl Isethionate;Niacinamide;Panthenol;Citric Acid;Sodium Benzoate,fragrance_free;sulfate_free;alcohol_free;paraben_free;essential_oil_free,https://brand-published-packaging.in
FW-002,Oily Skin Cleanser,Cetaphil,599,oily;combination,excess_oil;acne;clogged_pores,niacinamide;panthenol;glycerin,Water;Glycerin;PEG-200 Hydrogenated Glyceryl Palmate;Sodium Lauroyl Sarcosinate;Niacinamide;Panthenol;Citric Acid;Sodium Benzoate;Fragrance,sulfate_free;alcohol_free;paraben_free;essential_oil_free,https://brand-published-packaging.in
FW-003,Hydrating Facial Cleanser,CeraVe,490,dry;normal;sensitive,dryness;barrier_repair;sensitivity,ceramides;hyaluronic_acid;glycerin,Aqua/Water;Glycerin;Cetearyl Alcohol;PEG-40 Stearate;Stearyl Alcohol;Potassium Phosphate;Ceramide NP;Ceramide AP;Ceramide EOP;Carbomer;Glyceryl Stearate;Behentrimonium Methosulfate;Sodium Lauroyl Lactylate;Sodium Hyaluronate;Cholesterol;Phenoxyethanol;Disodium EDTA;Dipotassium Phosphate;Tocopherol;Phytosphingosine;Xanthan Gum;Ethylhexylglycerin,fragrance_free;sulfate_free;alcohol_free;paraben_free;essential_oil_free,https://brand-published-packaging.in
FW-004,Foaming Facial Cleanser,CeraVe,490,oily;combination;normal,excess_oil;clogged_pores;barrier_repair,ceramides;niacinamide;hyaluronic_acid,Aqua/Water;Cocamidopropyl Hydroxysultaine;Sodium Lauroyl Sarcosinate;Propanediol;PEG-150 Pentaerythrityl Tetrastearate;PEG-6 Caprylic/Capric Glycerides;Niacinamide;Ceramide NP;Ceramide AP;Ceramide EOP;Carbomer;Sodium Methyl Cocoyl Taurate;Sodium Hyaluronate;Cholesterol;Phenoxyethanol;Disodium EDTA;Citric Acid;Phytosphingosine;Xanthan Gum;Ethylhexylglycerin,fragrance_free;sulfate_free;alcohol_free;paraben_free;essential_oil_free,https://brand-published-packaging.in
FW-005,SA Smoothing Cleanser,CeraVe,699,oily;combination;normal,rough_texture;acne;clogged_pores,salicylic_acid;ceramides;hyaluronic_acid;niacinamide,Aqua/Water;Sodium Lauroyl Sarcosinate;Cocamidopropyl Hydroxysultaine;Glycerin;Niacinamide;Gluconolactone;Sodium Methyl Cocoyl Taurate;PEG-150 Pentaerythrityl Tetrastearate;Ceramide NP;Ceramide AP;Ceramide EOP;Carbomer;Calcium Gluconate;Salicylic Acid;Sodium Benzoate;Sodium Lauroyl Lactylate;Cholesterol;Tetrasodium EDTA;Sodium Hyaluronate;Phytosphingosine;Benzoic Acid,fragrance_free;sulfate_free;alcohol_free;paraben_free;essential_oil_free,https://brand-published-packaging.in
FW-006,Salicylic Acid 2% + LHA Cleanser,Minimalist,299,oily;combination,acne;excess_oil;blackheads,salicylic_acid;capryloyl_salicylic_acid;zinc_pca,Aqua;Glycerin;Cocamidopropyl Betaine;Propanediol;Sodium Lauroyl Methyl Isethionate;Salicylic Acid;Capryloyl Salicylic Acid;Zinc PCA;Phenoxyethanol;Ethylhexylglycerin;Sodium Hydroxide;Trisodium Ethylenediamine Disuccinate,fragrance_free;sulfate_free;alcohol_free;paraben_free;essential_oil_free,https://brand-published-packaging.in
FW-007,Aquaporin Booster 5% Cleanser,Minimalist,299,dry;normal;sensitive,dryness;dehydration,glycerin;glyceryl_glucoside;hyaluronic_acid,Aqua;Glycerin;Glyceryl Glucoside;Diglycerin;Cocamidopropyl Betaine;Sodium Lauroyl Methyl Isethionate;Sodium Hyaluronate;Betaine;Phenoxyethanol;Sodium Hydroxide;Ethylhexylglycerin;Trisodium Ethylenediamine Disuccinate,fragrance_free;sulfate_free;alcohol_free;paraben_free;essential_oil_free,https://brand-published-packaging.in
FW-008,Oat Extract 6% Gentle Cleanser,Minimalist,299,sensitive;dry;normal,sensitivity;redness;dryness,oat_extract;colloidal_oatmeal;hyaluronic_acid,Aqua;Avena Sativa (Oat) Kernel Extract;Glycerin;Dicaprylyl Carbonate;Sodium Lauroyl Methyl Isethionate;Colloidal Oatmeal;Sodium Hyaluronate;Phenoxyethanol;Ethylhexylglycerin;Carbomer;Sodium Hydroxide,fragrance_free;sulfate_free;alcohol_free;paraben_free;essential_oil_free,https://brand-published-packaging.in
FW-009,1% Salicylic Acid Gel Face Wash,The Derma Co,249,oily;combination,acne;excess_oil;blackheads,salicylic_acid;witch_hazel;willow_bark,Aqua;Sodium Alpha Olefin Sulfonate;Cocamidopropyl Betaine;Glycerin;Salicylic Acid;Hamamelis Virginiana (Witch Hazel) Extract;Salix Alba (Willow) Bark Extract;Phenoxyethanol;Disodium EDTA;Sodium Hydroxide,fragrance_free;alcohol_free;paraben_free;essential_oil_free,https://brand-published-packaging.in
FW-010,2% Niacinamide Gentle Skin Cleanser,The Derma Co,299,sensitive;dry;normal,sensitivity;dullness;barrier_repair,niacinamide;ceramides;cica_extract,Aqua;Cetyl Alcohol;Stearyl Alcohol;Niacinamide;Ceramide NP;Centella Asiatica Extract;Propylene Glycol;Sodium Cocoyl Isethionate;Phenoxyethanol;Ethylhexylglycerin,fragrance_free;sulfate_free;alcohol_free;paraben_free;essential_oil_free,https://brand-published-packaging.in
FW-011,Sensibio Gel Moussant,Bioderma,890,sensitive;dry;normal,sensitivity;redness;dryness,coco_glucoside;glyceryl_oleate;mannitol;xylitol,Aqua/Water/Eau;Sodium Cocoamphoacetate;Propanediol;Sodium Lauroyl Sarcosinate;Citric Acid;Coco-Glucoside;Glyceryl Oleate;Sodium Citrate;PEG-90 Glyceryl Isostearate;Mannitol;Xylitol;Rhamnose;Fructooligosaccharides;Tocopherol;Hydrogenated Palm Glycerides Citrate;Lecithin;Ascorbyl Palmitate,fragrance_free;sulfate_free;alcohol_free;paraben_free;essential_oil_free,https://brand-published-packaging.in
FW-012,Sebium Gel Moussant,Bioderma,890,oily;combination,excess_oil;acne;clogged_pores,zinc_sulfate;copper_sulfate;ginkgo_biloba,Aqua/Water/Eau;Sodium Cocoamphoacetate;Sodium Laureth Sulfate;Methylpropanediol;Disodium EDTA;Mannitol;Xylitol;Rhamnose;Fructooligosaccharides;Zinc Sulfate;Copper Sulfate;Ginkgo Biloba Leaf Extract;PEG-90 Glyceryl Isostearate;Laureth-2;Potassium Sorbate;Sodium Chloride;Citric Acid;Sodium Hydroxide;Fragrance,alcohol_free;paraben_free;essential_oil_free,https://brand-published-packaging.in
FW-013,Clear Face Cleansing Foam,Sebamed,580,oily;combination;sensitive,acne;excess_oil;sensitivity,montaline_c40;panthenol,Aqua;Cocamidopropyl Betainamide MEA Chloride;Cocotrimonium Methosulfate;Sodium Lactate;Panthenol;Parfum;Phenoxyethanol,sulfate_free;alcohol_free;paraben_free;essential_oil_free,https://brand-published-packaging.in
FW-014,Kind to Skin Refreshing Facial Wash,Simple,349,sensitive;normal;combination;dry;oily,sensitivity;dryness,panthenol;allantoin;vitamin_e,Aqua;Cocamidopropyl Betaine;Propylene Glycol;Hydroxypropyl Methylcellulose;Panthenol;Tocopheryl Acetate;Pantolactone;Sodium Hydroxide;Disodium EDTA;Sodium Hydroxymethylglycinate,fragrance_free;sulfate_free;alcohol_free;paraben_free;essential_oil_free,https://brand-published-packaging.in
FW-015,Daily Skin Detox Purifying Gel Wash,Simple,375,oily;combination,excess_oil;clogged_pores;acne,witch_hazel;zinc_pca;thyme_extract,Aqua;Hamamelis Virginiana Leaf Water;Cocamidopropyl Betaine;Propylene Glycol;Glycerin;Sodium Laureth Sulfate;PEG-7 Glyceryl Cocoate;Acrylates/C10-30 Alkyl Acrylate Crosspolymer;Zinc PCA;Thymus Vulgaris Flower/Leaf Extract;Sodium Hydroxide;Panthenol;Dipotassium Glycyrrhizate;Citric Acid,fragrance_free;alcohol_free;paraben_free;essential_oil_free,https://brand-published-packaging.in
FW-016,Cica Calming Blemish Clearing Face Wash,Dot & Key,295,oily;combination;sensitive,acne;redness;excess_oil,cica_extract;salicylic_acid;tea_tree_oil;green_tea,Aqua;Sodium Lauroyl Sarcosinate;Cocamidopropyl Betaine;Glycerin;Centella Asiatica (Cica) Extract;Salicylic Acid;Melaleuca Alternifolia (Tea Tree) Leaf Oil;Camellia Sinensis (Green Tea) Leaf Extract;Allantoin;Phenoxyethanol,sulfate_free;alcohol_free;paraben_free,https://brand-published-packaging.in
FW-017,Barrier Repair Hydrating Gentle Face Wash,Dot & Key,345,dry;sensitive;normal,dryness;barrier_repair;sensitivity,ceramides;hyaluronic_acid;probiotics,Aqua;Sodium Cocoyl Isethionate;Glycerin;Cocamidopropyl Betaine;Ceramide NP;Ceramide AP;Ceramide EOP;Phytosphingosine;Cholesterol;Sodium Hyaluronate;Lactobacillus Ferment Lysate;Phenoxyethanol;Ethylhexylglycerin,fragrance_free;sulfate_free;alcohol_free;paraben_free;essential_oil_free,https://brand-published-packaging.in
FW-018,Deep Clean Facial Cleanser,Neutrogena,440,oily;normal,clogged_pores;dullness;excess_oil,salicylic_acid;glycerin,Water;Sodium Laureth Sulfate;Glycerin;Lauryl Glucoside;Cocamidopropyl Betaine;PEG-120 Methyl Glucose Dioleate;Salicylic Acid;Citric Acid;Sodium Hydroxide;Fragrance,alcohol_free;paraben_free;essential_oil_free,https://brand-published-packaging.in
FW-019,Hydro Boost Cleanser Water Gel,Neutrogena,850,dry;combination;normal,dehydration;dryness,hyaluronic_acid;glycerin,Water;Glycerin;Cocamidopropyl Hydroxysultaine;Sodium Cocoyl Isethionate;Sodium Methyl Cocoyl Taurate;Sodium Hydrolyzed Potato Starch Dodecenylsuccinate;Hydrolyzed Hyaluronic Acid;Ethylhexylglycerin;Linoleamidopropyl PG-Dimonium Chloride Phosphate;Polyquaternium-10;Disodium EDTA;Citric Acid;Fragrance,sulfate_free;alcohol_free;paraben_free;essential_oil_free,https://brand-published-packaging.in
FW-020,Green Tea Pore Cleansing Face Wash,Plum,345,oily;combination,acne;excess_oil,green_tea;glycolic_acid;cellulose_beads,Aqua;Sodium Laureth Sulfate;Cocamidopropyl Betaine;Glycerin;Camellia Sinensis (Green Tea) Leaf Extract;Glycolic Acid;Cellulose Beads;Phenoxyethanol;Fragrance,alcohol_free;paraben_free;essential_oil_free,https://brand-published-packaging.in
FW-021,1% Oat & Allantoin Gentle Cleanser,Plum,299,sensitive;dry,sensitivity;redness;dryness,oat_extract;allantoin;glycerin,Aqua;Sodium Lauroyl Sarcosinate;Glycerin;Cocamidopropyl Betaine;Avena Sativa (Oat) Kernel Flour;Allantoin;Xanthan Gum;Phenoxyethanol;Ethylhexylglycerin;Disodium EDTA,fragrance_free;sulfate_free;alcohol_free;paraben_free;essential_oil_free,https://brand-published-packaging.in
FW-022,The Daily Duet Gentle Hydrating Cleanser,Foxtale,349,dry;normal;sensitive;combination,dryness;sensitivity,sodium_hyaluronate;red_algae_extract;vitamin_b5,Aqua;Sodium Lauroyl Sarcosinate;Cocamidopropyl Betaine;Glycerin;Sodium Hyaluronate;Chondrus Crispus (Red Algae) Extract;Panthenol;Phenoxyethanol;Disodium EDTA,fragrance_free;sulfate_free;alcohol_free;paraben_free;essential_oil_free,https://brand-published-packaging.in
FW-023,Acne Fighting Cleanser with Salicylic Acid,Foxtale,349,oily;combination,acne;excess_oil;blackheads,salicylic_acid;niacinamide;hyaluronic_acid,Aqua;Sodium Lauroyl Sarcosinate;Cocamidopropyl Betaine;Salicylic Acid;Niacinamide;Sodium Hyaluronate;Glycerin;Phenoxyethanol;Disodium EDTA,fragrance_free;sulfate_free;alcohol_free;paraben_free;essential_oil_free,https://brand-published-packaging.in
FW-024,Fruit AHA Face Wash for Pigmentation,Re'equil,450,oily;combination;normal,dullness;pigmentation;rough_texture,glycolic_acid;lactic_acid;bilberry_extract,Aqua;Cocamidopropyl Betaine;Sodium Lauroyl Sarcosinate;Vaccinium Myrtillus Fruit Extract;Saccharum Officinarum (Sugar Cane) Extract;Citrus Aurantium Dulcis (Orange) Fruit Extract;Citrus Limon (Lemon) Fruit Extract;Acer Saccharum (Sugar Maple) Extract;Citric Acid;Glycolic Acid;Lactic Acid;Phenoxyethanol;Fragrance,sulfate_free;alcohol_free;paraben_free;essential_oil_free,https://brand-published-packaging.in
FW-025,Oil Regulating Cleanser with Zinc PCA,Re'equil,490,oily;combination,excess_oil;acne;clogged_pores,zinc_pca;citric_acid;glycerin,Aqua;Cocamidopropyl Betaine;Sodium Cocoyl Isethionate;Zinc PCA;Glycerin;Citric Acid;Phenoxyethanol;Ethylhexylglycerin,fragrance_free;sulfate_free;alcohol_free;paraben_free;essential_oil_free,https://brand-published-packaging.in
FW-026,Ceramide & Hyaluronic Acid Moisturising Face Wash,Re'equil,450,dry;sensitive;normal,dryness;barrier_repair;sensitivity,ceramides;hyaluronic_acid;mango_butter,Aqua;Cetearyl Alcohol;Sodium Cocoyl Isethionate;Ceramide III;Sodium Hyaluronate;Mangifera Indica (Mango) Seed Butter;Glycerin;Phenoxyethanol;Disodium EDTA,fragrance_free;sulfate_free;alcohol_free;paraben_free;essential_oil_free,https://brand-published-packaging.in
FW-027,Salicylic Acid Oil Control Cleanser 0.5%,Deconstruct,299,oily;combination;sensitive,acne;excess_oil,salicylic_acid;niacinamide,Aqua;Cocamidopropyl Betaine;Sodium Lauroyl Sarcosinate;Salicylic Acid;Niacinamide;Glycerin;Xanthan Gum;Phenoxyethanol;Disodium EDTA,fragrance_free;sulfate_free;alcohol_free;paraben_free;essential_oil_free,https://brand-published-packaging.in
FW-028,Hydrating Face Wash with Amino Acids,Deconstruct,299,dry;normal;sensitive,dryness;dehydration,amino_acids;hyaluronic_acid;panthenol,Aqua;Sodium Cocoyl Glycinate;Glycerin;Sodium Hyaluronate;Sodium PCA;Panthenol;Proline;Serine;Phenoxyethanol,fragrance_free;sulfate_free;alcohol_free;paraben_free;essential_oil_free,https://brand-published-packaging.in
FW-029,Flashfade Niacinamide Gel Cleanser,Conscious Chemist,349,all;combination;normal;oily,dullness;pigmentation;excess_oil,niacinamide;licorice_root;ceramides,Aqua;Sodium Lauroyl Sarcosinate;Cocamidopropyl Betaine;Niacinamide;Glycyrrhiza Glabra (Licorice) Root Extract;Ceramide NP;Glycerin;Phenoxyethanol;Ethylhexylglycerin,fragrance_free;sulfate_free;alcohol_free;paraben_free;essential_oil_free,https://brand-published-packaging.in
FW-030,Cleansing Lotion for Sensitive and Dry Skin,Episoft,480,sensitive;dry,sensitivity;dryness;redness,cetearyl_alcohol;glycerin,"Purified Water;Cetearyl Alcohol;1,3-Butylene Glycol;Sodium Cocoyl Glycinate;Glycerin;Phenoxyethanol;Disodium EDTA;Citric Acid",fragrance_free;sulfate_free;alcohol_free;paraben_free;essential_oil_free,https://brand-published-packaging.in
FW-031,pH 5.5 Moisture Balancing Face Wash,Joy,195,all;normal;sensitive;dry,barrier_repair;dryness;sensitivity,panthenol;ceramides;calendula_extract,Aqua;Cocamidopropyl Betaine;Sodium Lauroyl Sarcosinate;Glycerin;Panthenol;Ceramide Complex;Calendula Officinalis Flower Extract;Citric Acid;Phenoxyethanol,fragrance_free;sulfate_free;alcohol_free;paraben_free;essential_oil_free,https://brand-published-packaging.in
FW-032,Purifying Neem Face Wash,Himalaya,140,oily;combination,acne;excess_oil,neem_extract;turmeric_extract,Aqua;Ammonium Lauryl Sulfate;Melia Azadirachta Leaf Extract;Cocamidopropyl Betaine;Sodium Cocoyl Glutamate;Glycerin;Curcuma Longa (Turmeric) Rhizome Extract;Phenoxyethanol;Fragrance;CI 19140;CI 42090,alcohol_free;paraben_free;essential_oil_free,https://brand-published-packaging.in
FW-033,Moisturizing Aloe Vera Face Wash,Himalaya,140,dry;normal,dryness,aloe_vera;cucumber_extract,Aqua;Ammonium Lauryl Sulfate;Cocamidopropyl Betaine;Aloe Barbadensis Leaf Extract;Cucumis Sativus (Cucumber) Fruit Extract;Glycerin;Phenoxyethanol;Fragrance,alcohol_free;paraben_free;essential_oil_free,https://brand-published-packaging.in
FW-034,Acne Control Face Wash with 1% Salicylic Acid + 5% Niacinamide,Chemist at Play,349,oily;combination,acne;blackheads;excess_oil,salicylic_acid;niacinamide;ceramides,Aqua;Sodium Lauroyl Sarcosinate;Cocamidopropyl Betaine;Niacinamide;Salicylic Acid;Ceramide NP;Ceramide AP;Phytosphingosine;Glycerin;Phenoxyethanol;Disodium EDTA,fragrance_free;sulfate_free;alcohol_free;paraben_free;essential_oil_free,https://brand-published-packaging.in
FW-035,Hydrating Face Wash with Ceramides,Chemist at Play,349,dry;normal;sensitive,dryness;barrier_repair,ceramides;hyaluronic_acid;colloidal_oatmeal,Aqua;Sodium Cocoyl Isethionate;Glycerin;Ceramide NP;Ceramide AP;Sodium Hyaluronate;Colloidal Oatmeal;Phenoxyethanol;Ethylhexylglycerin,fragrance_free;sulfate_free;alcohol_free;paraben_free;essential_oil_free,https://brand-published-packaging.in
FW-036,Low pH Good Morning Gel Cleanser,COSRX,750,oily;combination;sensitive,acne;excess_oil;sensitivity,betaine_salicylate;tea_tree_oil,"Water;Cocamidopropyl Betaine;Sodium Lauroyl Methyl Isethionate;Polysorbate 20;Styrax Japonicus Branch/Fruit/Leaf Extract;Butylene Glycol;Saccharomyces Ferment;Cryptomeria Japonica Leaf Extract;Nelumbo Nucifera Leaf Extract;Pinus Palustris Leaf Extract;Ulmus Davidiana Root Extract;Oenothera Biennis (Evening Primrose) Flower Extract;Pueraria Lobata Root Extract;Melaleuca Alternifolia (Tea Tree) Leaf Oil;Allantoin;Caprylyl Glycol;Ethylhexylglycerin;Betaine Salicylate;Citric Acid;Ethyl Hexanediol;1,2-Hexanediol;Trisodium Ethylenediamine Disuccinate;Sodium Benzoate;Disodium EDTA",sulfate_free;alcohol_free;paraben_free,https://brand-published-packaging.in
FW-037,Salicylic Acid Daily Gentle Cleanser,COSRX,850,oily;combination,acne;clogged_pores;excess_oil,salicylic_acid;tea_tree_oil,Water;Glycerin;Myristic Acid;Stearic Acid;Potassium Hydroxide;Lauric Acid;Butylene Glycol;Glycol Distearate;Polysorbate 80;Sodium Methyl Cocoyl Taurate;Salicylic Acid;Cocamidopropyl Betaine;PEG-60 Hydrogenated Castor Oil;Fragrance;Sodium Chloride;Melaleuca Alternifolia (Tea Tree) Leaf Oil;Caprylyl Glycol;Ethylhexylglycerin;Salix Alba (Willow) Bark Water;Disodium EDTA,sulfate_free;alcohol_free;paraben_free,https://brand-published-packaging.in
FW-038,Toleriane Hydrating Gentle Cleanser,La Roche-Posay,1390,dry;sensitive;normal,dryness;sensitivity;barrier_repair,ceramide_3;niacinamide;glycerin;thermal_spring_water,Aqua/Water;Glycerin;Pentaerythrityl Tetraethylhexanoate;Propylene Glycol;Ammonium Polyacryloyldimethyl Taurate;Polysorbate 60;Ceramide NP;Niacinamide;Sodium Chloride;Coco-Betaine;Disodium EDTA;Caprylyl Glycol;Panthenol;Tocopherol,fragrance_free;sulfate_free;alcohol_free;paraben_free;essential_oil_free,https://brand-published-packaging.in
FW-039,Effaclar Purifying Foaming Gel Cleanser,La Roche-Posay,1150,oily;sensitive,acne;excess_oil;clogged_pores,zinc_pca;thermal_spring_water,Aqua/Water;Sodium Laureth Sulfate;PEG-8;Coco-Betaine;Hexylene Glycol;Sodium Chloride;PEG-120 Methyl Glucose Dioleate;Zinc PCA;Sodium Hydroxide;Citric Acid;Sodium Benzoate;Phenoxyethanol;Caprylyl Glycol;Parfum/Fragrance,alcohol_free;paraben_free;essential_oil_free,https://brand-published-packaging.in
FW-040,Green Tea Hydrating Amino Acid Cleansing Foam,Innisfree,700,combination;normal;oily,dryness;excess_oil,green_tea_extract;amino_acids;glycerin,Water/Aqua/Eau;Glycerin;Myristic Acid;Stearic Acid;PEG-32;Potassium Hydroxide;Palmitic Acid;Lauric Acid;Lauryl Glucoside;Camellia Sinensis Leaf Extract;Arginine;Aspartic Acid;Glutamic Acid;Disodium EDTA;Fragrance/Parfum,sulfate_free;alcohol_free;paraben_free;essential_oil_free,https://brand-published-packaging.in
FW-041,Volcanic BHA Pore Cleansing Foam,Innisfree,750,oily;combination,blackheads;clogged_pores;excess_oil,volcanic_ash;salicylic_acid;lactic_acid,Water/Aqua/Eau;Glycerin;Myristic Acid;Stearic Acid;PEG-32;Potassium Hydroxide;Lauric Acid;Volcanic Ash;Salicylic Acid;Lactic Acid;Silica;Disodium EDTA;Fragrance/Parfum,sulfate_free;alcohol_free;paraben_free;essential_oil_free,https://brand-published-packaging.in
FW-042,CLEAR Pore Normalizing Cleanser,Paula's Choice,1390,oily;combination;sensitive,acne;clogged_pores;redness,salicylic_acid;arginine;glycerin,Water;Sodium Lauroyl Sarcosinate;Acrylates/Steareth-20 Methacrylate Copolymer;Glycerin;PEG-200 Hydrogenated Glyceryl Palmate;Sodium Laureth Sulfate;Salicylic Acid;Arginine;Butylene Glycol;PEG-7 Glyceryl Cocoate;Panthenol;Disodium EDTA;Phenoxyethanol;Caprylyl Glycol,fragrance_free;alcohol_free;paraben_free;essential_oil_free,https://brand-published-packaging.in
FW-043,Glow+ Smoothie Face Wash,Aqualogica,249,all;normal;combination,dullness;dehydration,vitamin_c;papaya_extract;hyaluronic_acid,Aqua;Sodium Lauroyl Sarcosinate;Cocamidopropyl Betaine;Glycerin;Carica Papaya (Papaya) Fruit Extract;Ascorbyl Glucoside;Sodium Hyaluronate;Phenoxyethanol;Fragrance,sulfate_free;alcohol_free;paraben_free;essential_oil_free,https://brand-published-packaging.in
FW-044,Hydrate+ Gel Face Wash,Aqualogica,249,dry;normal;sensitive,dryness;dehydration,coconut_water;hyaluronic_acid;glycerin,Aqua;Cocamidopropyl Betaine;Sodium Cocoyl Isethionate;Glycerin;Cocos Nucifera (Coconut) Water;Sodium Hyaluronate;Phenoxyethanol;Fragrance,sulfate_free;alcohol_free;paraben_free;essential_oil_free,https://brand-published-packaging.in
FW-045,Tea Tree Face Wash with Neem,Mamaearth,259,oily;combination,acne;excess_oil,tea_tree_oil;neem_extract;aloe_vera,Aqua;Sodium Lauroyl Sarcosinate;Cocamidopropyl Betaine;Melaleuca Alternifolia (Tea Tree) Leaf Oil;Melia Azadirachta (Neem) Leaf Extract;Aloe Barbadensis Leaf Juice;Glycerin;Phenoxyethanol;Disodium EDTA,fragrance_free;sulfate_free;alcohol_free;paraben_free,https://brand-published-packaging.in
FW-046,Ubtan Face Wash with Turmeric & Saffron,Mamaearth,259,all;combination;normal,dullness;pigmentation,turmeric_extract;saffron_extract;walnut_beads,Aqua;Sodium Lauroyl Sarcosinate;Cocamidopropyl Betaine;Curcuma Longa (Turmeric) Extract;Crocus Sativus (Saffron) Flower Extract;Juglans Regia (Walnut) Shell Powder;Glycerin;Phenoxyethanol;Fragrance,sulfate_free;alcohol_free;paraben_free;essential_oil_free,https://brand-published-packaging.in
FW-047,Apple Cider Vinegar Foaming Face Wash,WOW Skin Science,349,oily;combination,acne;excess_oil;blackheads,apple_cider_vinegar;aloe_vera;vitamin_b5,Purified Water;Sodium Lauroyl Sarcosinate;Disodium Cocoamphodiacetate;Apple Cider Vinegar;Aloe Barbadensis Leaf Juice;D-Panthenol;Tocopheryl Acetate;Phenoxyethanol;Fragrance,sulfate_free;alcohol_free;paraben_free;essential_oil_free,https://brand-published-packaging.in
FW-048,Clean & Clear Foaming Face Wash,Clean & Clear,175,oily;normal,excess_oil;acne,glycerin;myristic_acid;lauric_acid,Water;Triethanolamine;Myristic Acid;Lauric Acid;Glycerin;Cocamidopropyl Betaine;Hydroxylpropyl Methylcellulose;Fragrance;BHT,sulfate_free;alcohol_free;paraben_free;essential_oil_free,https://brand-published-packaging.in
FW-049,Bright Beauty Spot-less Glow Face Wash,Pond's,160,all;normal;oily,dullness;pigmentation,niacinamide;glycerin,Myristic Acid;Glycerin;Water;Propylene Glycol;Potassium Hydroxide;Palmitic Acid & Stearic Acid;Lauric Acid;Glycol Distearate;Decyl Glucoside;Niacinamide;Polyquaternium-7;Fragrance;Disodium EDTA,sulfate_free;alcohol_free;paraben_free;essential_oil_free,https://brand-published-packaging.in
FW-050,Pure Detox Mineral Clay Anti-Pollution Face Wash,Pond's,199,oily;combination,clogged_pores;excess_oil;dullness,activated_charcoal;moroccan_clay,Myristic Acid;Glycerin;Water;Potassium Hydroxide;Stearic Acid;Lauric Acid;Kaolin (Moroccan Clay);Charcoal Powder;Fragrance,sulfate_free;alcohol_free;paraben_free;essential_oil_free,https://brand-published-packaging.in
FW-051,Bright Complete Vitamin C Face Wash,Garnier,175,all;normal;oily,dullness;pigmentation,ascorbyl_glucoside;lemon_extract,Aqua/Water;Glycerin;Myristic Acid;Palmitic Acid;Stearic Acid;Potassium Hydroxide;Lauric Acid;Citrus Limon Fruit Extract/Lemon Fruit Extract;Ascorbyl Glucoside;Fragrance,sulfate_free;alcohol_free;paraben_free;essential_oil_free,https://brand-published-packaging.in
FW-052,Blush & Glow Strawberry Gel Face Wash,Lakme,185,all;normal;dry,dullness;dryness,strawberry_extract;glycerin,Aqua;Sodium Laureth Sulfate;Glycerin;Cocamidopropyl Betaine;Fragaria Vesca (Strawberry) Fruit Extract;Menthol;Fragrance,alcohol_free;paraben_free;essential_oil_free,https://brand-published-packaging.in
FW-053,Purifying Cleanser for Acne Prone Skin,Kaya,380,oily;combination,acne;excess_oil;blackheads,salicylic_acid;glycerin,Aqua;Sodium Laureth Sulfate;Cocamidopropyl Betaine;Salicylic Acid;Glycerin;Propylene Glycol;Disodium EDTA;Phenoxyethanol;Fragrance,alcohol_free;paraben_free;essential_oil_free,https://brand-published-packaging.in
FW-054,Cleanance Cleansing Gel,Avene,1450,oily;sensitive;combination,acne;excess_oil;sensitivity,avene_thermal_spring_water;comedoclastin;zinc_gluconate,Avene Thermal Spring Water;Water (Aqua);Zinc Coceth Sulfate;Lauryl Betaine;Decyl Glucoside;Ceteareth-60 Myristyl Glycol;PEG-7 Glyceryl Cocoate;Silybum Marianum Fruit Extract (Comedoclastin);Zinc Gluconate;Citric Acid;Fragrance (Parfum);Sodium Benzoate;Sodium Hydroxide,alcohol_free;paraben_free;essential_oil_free,https://brand-published-packaging.in
FW-055,Calendula Deep Cleansing Foaming Face Wash,Kiehl's,1550,normal;oily;sensitive,sensitivity;redness;excess_oil,calendula_extract;glycerin,Aqua/Water;Sodium Cocoyl Glycinate;Coco-Betaine;Glycerin;Acrylates Copolymer;Sodium Chloride;Calendula Officinalis Flower Extract;Phenoxyethanol;Citrus Limon Peel Oil;Limonene,sulfate_free;alcohol_free;paraben_free,https://brand-published-packaging.in
FW-056,Saslic DS 2% Salicylic Acid Foaming Face Wash,Cipla,420,oily;combination,acne;blackheads;excess_oil,salicylic_acid,Purified Water;Salicylic Acid;Sodium Cocoamphoacetate;Propylene Glycol;Cocamidopropyl Betaine;Sodium Hydroxide;Phenoxyethanol,fragrance_free;sulfate_free;alcohol_free;paraben_free;essential_oil_free,https://brand-published-packaging.in
FW-057,Saslic 1% Salicylic Acid Foaming Face Wash,Cipla,360,combination;sensitive;oily,acne;excess_oil,salicylic_acid,Purified Water;Salicylic Acid;Sodium Cocoamphoacetate;Propylene Glycol;Cocamidopropyl Betaine;Sodium Hydroxide;Phenoxyethanol,fragrance_free;sulfate_free;alcohol_free;paraben_free;essential_oil_free,https://brand-published-packaging.in
FW-058,Water Boost Micellar Facial Gel Wash,Simple,365,dry;sensitive;normal,dehydration;dryness;sensitivity,plant_derived_penta_saccharide;minerals,Aqua;Cocamidopropyl Betaine;Propylene Glycol;Hydroxypropyl Methylcellulose;Panthenol;Sodium Chloride;Citric Acid;Disodium EDTA;Glycerin;Sodium Hydroxymethylglycinate;Potassium Chloride,fragrance_free;sulfate_free;alcohol_free;paraben_free;essential_oil_free,https://brand-published-packaging.in
FW-059,Watermelon SuperGlow Gel Face Wash,Dot & Key,295,all;combination;oily,dullness;excess_oil,watermelon_extract;glycolic_acid;vitamin_c,Aqua;Cocamidopropyl Betaine;Sodium Lauroyl Sarcosinate;Glycerin;Citrullus Lanatus (Watermelon) Fruit Extract;Glycolic Acid;3-O-Ethyl Ascorbic Acid;Phenoxyethanol;Fragrance,sulfate_free;alcohol_free;paraben_free;essential_oil_free,https://brand-published-packaging.in
FW-060,Blemish Control Cleanser,CeraVe,720,oily;combination,acne;clogged_pores;excess_oil,salicylic_acid;niacinamide;ceramides;hectorite_clay,Aqua/Water;Sodium Lauroyl Sarcosinate;Cocamidopropyl Hydroxysultaine;Glycerin;Niacinamide;Salicylic Acid;Gluconolactone;Sodium Methyl Cocoyl Taurate;Ceramide NP;Ceramide AP;Ceramide EOP;Carbomer;Hectorite;Phytosphingosine;Cholesterol;Sodium Hyaluronate;Sodium Benzoate;Disodium EDTA,fragrance_free;sulfate_free;alcohol_free;paraben_free;essential_oil_free,https://brand-published-packaging.in
FW-061,Fruit AHA 2% Gentle Foaming Wash,Conscious Chemist,399,normal;combination;oily,dullness;rough_texture;pigmentation,lactic_acid;glycolic_acid;malic_acid,Aqua;Sodium Cocoyl Glycinate;Cocamidopropyl Betaine;Lactic Acid;Glycolic Acid;Vaccinium Myrtillus Fruit Extract;Glycerin;Phenoxyethanol,fragrance_free;sulfate_free;alcohol_free;paraben_free;essential_oil_free,https://brand-published-packaging.in
FW-062,1% Kojic Acid Daily Face Wash,The Derma Co,299,all;combination;normal,pigmentation;dullness,kojic_acid;alpha_arbutin;niacinamide,Aqua;Sodium Alpha Olefin Sulfonate;Cocamidopropyl Betaine;Glycerin;Kojic Acid Dipalmitate;Alpha Arbutin;Niacinamide;Phenoxyethanol;Disodium EDTA,fragrance_free;alcohol_free;paraben_free;essential_oil_free,https://brand-published-packaging.in
FW-063,Basic Cleanser,FAE Beauty,350,all;sensitive;dry;normal,sensitivity;dryness,panthenol;glycerin;allantoin,Aqua;Sodium Cocoyl Isethionate;Glycerin;Panthenol;Allantoin;Phenoxyethanol;Ethylhexylglycerin,fragrance_free;sulfate_free;alcohol_free;paraben_free;essential_oil_free,https://brand-published-packaging.in
FW-064,Acrofy Acne Cleanser,Brinton,499,oily;combination,acne;excess_oil,salicylic_acid;tea_tree_oil;zinc_pca,Aqua;Sodium Lauroyl Sarcosinate;Cocamidopropyl Betaine;Salicylic Acid;Zinc PCA;Melaleuca Alternifolia (Tea Tree) Leaf Oil;Glycerin;Phenoxyethanol,sulfate_free;alcohol_free;paraben_free,https://brand-published-packaging.in
FW-065,Delicate Facial Cleanser Kashmiri Saffron & Neem,Forest Essentials,1475,all;combination;normal,dullness;excess_oil,saffron_extract;neem_infusion;rose_water,Aqua;Steam Distilled Rose Water;Kashmiri Saffron Extract;Neem Leaf Infusion;Marigold Extract;Anantmool Root Extract;Sodium Cocoyl Apple Amino Acids;Glycerin;Potassium Sorbate,fragrance_free;sulfate_free;alcohol_free;paraben_free;essential_oil_free,https://brand-published-packaging.in
